V2,V3,V4,V5,V6,V7,V8,V9,V10,V11
-3.0674095172435,6.71983612794429,-0.116714087633821,-0.0421978670300275,0.052960922261657,0.0731787082194487,-0.168011301049908,-0.154385649562336,0.0538282743206719,-0.116801815576089
-3.58435336593539,5.27551837032661,-0.174739786913186,0.00201938437425,0.130130602868503,-0.0306257484956255,-0.0414938310059251,0.0719526727175498,0.00562430015479712,-0.00187821737207793
-2.40068408474326,5.71500216796994,0.0189482046277519,-0.0651047569215761,0.0186208845606173,0.09198345257849,-0.00977298950228513,0.108837409722978,0.0475434111048266,0.0577038399896191
-2.69625736447051,5.84897735435516,-0.141439892760888,0.0682543305374452,-0.0264593112548496,-0.0246254595446953,0.0005643545964257,0.0243941493671073,0.002519002728102,-0.132779965417441
-3.35698164207861,6.44438381353393,0.0300192067759121,-0.0764673263406989,0.00306813840109012,0.0587049562300376,-0.0836295404653518,0.16649546732874,-0.0659003893536093,0.00722330204847976
-2.56214499194175,6.50328011997044,-0.100788897294236,0.0840382059080023,-0.0346173377256467,0.117463919398066,0.00636905881359839,-0.011627087602642,0.0646758644137585,-0.238208234852051
-3.41825322620571,5.92344436654821,-0.0782748536077458,0.048634932979617,-0.190405499208231,0.0793689934151003,0.0121239743191989,0.0868820261074692,-0.0503103542496272,0.0770064290458645
-2.13546037347987,6.30424634553492,-0.0838735353299787,-0.083157305588249,0.0789039964031942,-0.0316473865096487,0.0620156163938984,0.111408165565927,0.0424240343837813,0.107438951949624
-2.46170609118417,6.6687045050785,-0.0835867277428195,-0.0810992648880727,0.0383609213083667,-0.0910779755859125,0.036298187562747,-0.114203988490497,-0.0070261488518278,0.0460236988741459
-2.71101772645488,6.61878431634978,0.00454846642120782,-0.048820608032046,0.0234612052649084,-0.112695001456007,-0.116594543619977,-0.0138651103584223,-0.00392748893081728,-0.071557443095036
-3.08591022295877,6.43705243105069,0.0686770337023349,0.139528102373097,0.100182412560187,0.0481591206745169,-0.0507551546861117,0.078750842453797,0.0477455810316332,-0.163540040932276
-3.82139797881246,6.75172547902912,0.166524305789999,0.0283505826834045,0.0748914514048638,0.126234297107143,0.0526636975670088,0.0297985546143385,-0.0965543173278225,0.101394921172882
-3.13521725311875,5.43705641943961,-0.016769701932122,-0.0416091502212027,0.0404349991800227,0.123033220320987,-0.00426811128264955,-0.0138729793191671,0.0884563465531709,-0.0448723741857055
-2.91007576882839,5.70278975646943,0.0119250343243417,0.0264938345311948,0.0142027621499893,-0.143942892813782,-0.182071085293651,0.132323852776446,-0.114617486317532,0.00385587757443407
-3.72355130780488,5.54794515110552,-0.117162835981979,0.0035990134491285,0.0746554001541288,-0.05538524335107,-0.0655642502127812,0.0464595589165197,-0.0268737835399963,0.0228622733083918
-2.14437549561262,6.10913639049977,0.0229767409293808,-0.13087868200493,-0.0760108479375049,-0.0968588939413328,0.0224346700088023,-0.196796685123395,0.0221006163620833,-0.11148504406926
-3.99739655712619,5.13379078032449,-0.070068196862914,0.00573690981391979,0.0782664788137762,-0.11085408964162,0.198751464362851,-0.0384766422045648,-0.109663532216516,0.136583386322506
-3.47108227293938,6.7965081804432,0.154461449217386,-0.0120505597333343,-0.132260035247014,-0.181217039628792,-0.084657456334591,0.159759633586848,-0.108045240219244,-0.090070741486767
-3.4469355060719,6.54924889840186,-0.0838018450474387,0.134138343065952,-0.0136852891076188,0.0228660729809496,-0.0659043402707211,-0.0364412575280535,-0.0910244309988428,-0.048797311497255
-2.95778591651469,6.88280707970262,0.0732706224670583,-0.0686661211703983,0.114261846008937,0.0801540467354264,-0.0363143697742026,0.135610957634385,-0.0582785706138071,0.0276297040604732
-3.55262215295807,6.42267364542931,0.093938226496725,0.00684127288563216,0.00340181633233013,-0.132931481673484,0.131880901003898,-0.0960566896562185,-0.0657505614508741,-0.0910594076084327
-3.18415049789473,5.67482592863962,-0.0734867558250158,0.0673986333702303,-0.0343137916287375,-0.165087126492916,0.038110988573902,-0.0210850966177712,0.107285250894433,0.00597537565380881
-2.77024850109592,6.0755875883624,0.0532969654081853,0.0192917241143444,-0.012119873187222,-0.000121859232577601,0.112283825464798,0.205527394556302,0.00117155051863244,-0.0737518270771502
-3.57005247939378,5.64217744069174,0.0363634299855898,0.167500208366518,-0.0565517538285207,0.0547349658626249,-0.16967432019035,0.00439389635399613,0.0205186584251326,-0.0334932602525371
-2.67346404725686,5.0748403747566,0.050487087684248,-0.19044316530535,0.0160622888483207,-0.081210618887458,0.0183474518423638,0.030369882212286,-0.0745451305699296,-0.100723903493001
-2.0449946038425,5.06203638995066,0.170701183079829,-0.0354653977001392,0.0712916246829438,0.0443079351062898,0.131551796966023,0.0865615526011882,-0.0541759648333247,-0.167884222084767
-3.8045034580864,5.26751975063235,-0.158116958318102,0.106443044051688,-0.0172059142161979,0.0777507504483513,-0.0237013503886808,0.0544784896698441,0.134287566204896,0.0420328623775869
-2.77613468188792,5.24400404607877,0.212700376110442,-0.176401165542703,-0.0115509637390686,-0.0301537755576955,0.0215720192485616,-0.0173548112669294,-0.114726467702529,-0.117037341593438
-2.944762700703,5.78912440454587,0.0106222590531594,-0.121880032270818,-0.0848461783446944,-0.184128659600041,0.0280631234620635,0.00989810293340864,0.0662781415864304,0.0220146102931023
-2.36526877665892,6.94485507160425,-0.0157263751444968,-0.145847447961683,-0.0506541893492594,-0.0162171206998567,-0.0566626891156379,0.186783574284735,0.0966981909647765,-0.0783859417233459
-3.58380400622264,5.2816352727823,-0.282226579018101,0.0870797603445116,0.101417477459029,-0.0343979067803589,-0.100648422400244,-0.0186210055664225,0.124472713088524,-0.0565712774044455
-2.75370189920068,6.30431453557685,-0.0213135464191176,0.123138496873326,0.17052590096886,0.0323749708864685,0.0457090336371111,0.0346217556782261,-0.153117227025941,-0.179912888486922
-2.13082587858662,5.62331913411617,0.0634124210570913,0.018878238818275,0.0707407940905171,0.168927329773622,-0.0498506560095181,-0.0574346189394653,-0.202188455759075,0.0680801402601388
-3.63414160721004,6.69652336416766,0.0942467410126791,-0.0145662981320059,0.0496360406695331,0.0778039905986699,-0.189270105017804,-0.0146734572819671,0.0267596978323907,0.0725448277808422
-3.2140772244893,6.89882796583697,0.033079613362054,0.0590911124679867,0.129467495070589,-0.0870438898042473,-0.00161067152212157,0.162893946949473,-0.203229997910502,0.0165126603560025
-3.31400081561878,6.65271164895967,-0.0757522024787887,0.0501293140345319,-0.058202912904304,0.208649174343477,0.0685664639791003,0.0869460171901256,0.0112442657307401,-0.1123515403183
-2.11917307041585,6.30846809595823,-0.220658816887227,0.0305800641576699,0.125932709780363,0.00923845242020683,0.0658411364779294,0.0773243402538078,-0.0613388740474611,-0.0200410148104208
-2.1032318728976,6.09214223781601,0.034768876666336,-0.0130881038933092,0.0142772349128823,0.0813265249017894,-0.0277828508116543,0.0265866845251575,-0.029861464918597,-0.061999218908916
-3.18761462345719,5.11002665478736,0.051540093484883,0.249268349423681,-0.0669974151909248,0.0472172122942625,0.0695428302682627,0.188720230899059,0.0410928772539455,-0.00781605010550935
-2.51252200175077,5.21273223869503,0.0403841323988165,-0.181895625022554,-0.124589499017677,-0.0325098407982007,-0.0506668768221875,-0.0651920492679563,-0.0619963868367265,-0.193591268524779
-2.19944902835414,5.14218840980902,-0.134323359616559,0.060806889797811,-0.0376025870797769,-0.00452775364632595,0.00387949969222527,0.00460803672044596,0.0146076508860136,0.0799878655186904
-3.42256776615977,5.09060977306217,0.162026308284001,0.0876905756592618,-0.137558137686409,0.209619767931427,-0.0861664188487423,0.0120084621958212,-0.0412179532652642,0.246785776529046
-3.00757152214646,6.70172415208072,-0.128454690379981,0.00214592082589868,0.0695299266623371,0.00210644273144809,-0.130776821031401,0.0559509720819336,-0.0168909616998269,-0.0051763091025573
-2.24812769377604,6.96015665400773,-0.178880070912558,0.0149315292721477,0.0061389027854915,-0.0173868537815403,0.0958091539131239,-0.0789150016109205,0.0161953739930609,-0.0351206511350678
-3.31090444978327,6.56627363432199,0.0654250162421864,0.150976961551613,-0.0612322492189399,-0.0618897282849515,-0.112019630277726,0.121970964352686,0.20708695230092,0.0122759359808848
-3.47285589994863,5.58512947661802,0.0463854900979696,-0.0606378589126502,0.0962071043401549,0.0386307693131014,0.105876010736075,-0.189847310657298,0.159348346035808,-0.0612388726335777
-2.98245941335335,5.633293452207,0.0814217071511212,0.036579022336628,0.0189838569064013,0.15353425738588,-0.0332377231503557,0.0239708813488079,0.0300106329282809,-0.0706541254233784
-3.64698714390397,6.82145400485024,-0.0248507103491242,0.0768900977591579,-0.0849787472314047,0.058167573766923,0.151719608490677,-0.0428616394309154,0.0397596765057742,0.02335575225779
-2.08137425314635,6.0749104032293,0.0955184670954761,-0.0567608174566786,0.175038229454737,-0.00554953168059504,0.00478300183067747,-0.0727052052324549,-0.170330129116859,-0.121505708965
-3.79108993522823,6.83921736851335,0.0201484756329864,0.0925758839395859,0.00437403449371819,-0.136445974030798,-0.0590121200710881,-0.0752366997873318,0.068065891440458,0.040746931007977
-3.73178135417402,6.45081334048882,-0.0591029941827006,-0.0893892656258991,-0.0669852879332718,0.0157888581894059,0.0931960876716473,-0.0401768330473854,0.0374270313947064,0.0319646153185297
-3.86573828244582,6.36749597452581,0.11717851538577,0.106498452645523,-0.293661894545617,0.0118045821236259,0.0114570357041563,0.0537562184441902,-0.0422879382999201,-0.119419228810916
-3.71107803005725,5.00376391457394,-0.171892005791315,-0.0653250196236393,0.165332902989374,0.087229214337582,-0.103385591664956,-0.026650624149182,-0.193272012439763,-0.0956033745461868
-3.30958420597017,5.89550708979368,0.114669158299453,-0.0387330284097227,0.100184517055442,0.0786196333561591,0.0376797000160366,0.163543375768146,0.131416227012949,-0.13043274759209
-2.05103785637766,6.44057561317459,-0.179104692892807,-0.0644230107258625,0.0815908896122252,0.0913178187504129,-0.0539179435186384,0.00760361269908905,0.0136619880586036,-0.0504902083264276
-3.43833773070946,5.96269249403849,0.0293197635892516,0.0126470871655361,0.0172638397471722,-0.0457449281408452,0.137713370038565,-0.0500067780440257,0.122351042139352,-0.00409049517782027
-2.54670378938317,6.9825025042519,-0.123402221323604,-0.00741809732443406,0.112533633270468,0.0348410222126174,-0.0488691758605591,-0.0761920330521749,0.0295933368467882,0.0310468782515669
-3.28876037336886,5.10192974563688,0.0129837092023492,-0.119194601434654,-0.0331735344331662,-0.276847565156349,-0.0325459503896752,-0.0483729823063294,0.0361674407710688,-0.0375950110363756
-3.95667979540303,5.51810964988545,-0.0474822862666219,-0.0887667585153318,0.088016459062934,-0.198937092525531,0.0458395373073268,-0.0144661973520242,-0.0103748953975557,-0.0190750883761972
-2.27652203058824,5.57454849826172,0.0756548332942028,-0.0963408054687962,0.0651424756725592,-0.0584966811365732,-0.0312206776406831,-0.0644246119860459,0.0175290422390032,0.148669965507885
-2.13189385086298,6.19204803369939,0.000828584604186973,-0.174210181361963,0.0687678803108961,0.0895145148901637,0.0205188088245551,0.110803260167508,-0.222089097332685,-0.00369225738128202
-2.00479952245951,6.32108916435391,-0.200079763263712,0.113906574588777,0.0652064696266079,-0.156382788411981,0.10910983043237,-0.0446673652324191,0.0987189429922472,0.0127486059781833
-2.33519079908729,5.42982379440218,0.0050559641547707,0.0440648046121744,0.0356348711572047,-0.00579956688550659,0.106980853075832,0.0901906813868445,-0.12657807613287,-0.117447521726817
-2.70289404829964,6.47242469061166,0.0139344313025683,0.0439965446069732,-0.0806050269688872,-0.150435726176778,0.0791607216777272,-0.0771076286810378,0.030573536999454,0.205523756366432
-3.87978967791423,5.27408682741225,0.0216530667355447,-0.0268958019730206,0.157148700186237,-0.0295626915789174,0.0525192198437191,-0.0974956290172987,-0.0543526900422385,0.0245828902951962
-3.89493665937334,5.72352956142277,0.0787317989058024,0.0835774282594459,0.0571580055242908,0.0441316454695501,-0.0260338261359941,0.122162010615851,0.0931041466370443,-0.0744373501996345
-3.56085768714547,6.9591064248234,0.0626066242493702,-0.0353513579967812,0.0153343669569695,-0.144129159436589,0.2239358541341,0.160526579209047,0.165639489543762,0.154546037254689
-3.73613473074511,5.22335594519973,0.00743749056055294,-0.00478613766248234,0.0307853413281703,0.110689509236618,0.134563965483962,0.0765178017936979,0.0557454305373205,0.340068340996701
-2.20738885737956,5.09269811399281,-0.0123367972549825,-0.0450206397273291,-0.00439654470198178,0.109609507292352,0.0265272871608467,0.0770689899488753,0.0661852872530981,-0.0559918808156425
-3.37159024737775,6.23573281709105,-0.0564334868943106,-0.0270591256994968,-0.0709866185088603,-0.0739088461823187,0.0963482893770304,0.143538421969999,-0.036203918853263,-0.106535731376365
-2.66831931704655,6.77574188867584,0.201850899792844,-0.0964838295044137,0.0476311707506922,-0.100162099178229,-0.0360100279270604,0.117262738162082,-0.0372937873605328,-0.0416295638589249
-3.00681085046381,5.19356689602137,0.109096589557036,-0.0107202819576086,-0.01547392607918,-0.158607824489824,-0.0472380755318719,0.046750096714906,0.0672627848108269,-0.0775839305158025
-2.39834341406822,5.92374014947563,0.0270962468918588,-0.160210000837901,-0.141518953222046,-0.145208547644787,0.00641552340213757,0.197999650868262,-0.122488661143831,-0.00322191105596145
-2.6560579193756,6.93550019478425,0.0689997806562774,0.00361270989938338,-0.0539240247945105,-0.182729094582842,0.0340610550314461,0.070638192584384,0.0774216059256649,-0.0453410537288258
-3.51554205175489,5.34140415582806,-0.109289706027385,0.0925851342363491,-0.0441769983362391,0.0985015941117721,-0.0998724288819225,-0.0439455181972574,0.0253298413268738,0.132785701874246
-2.77191649004817,6.85300703672692,-0.22680592081131,-0.0427490814197237,0.0315156534936341,0.0735141347160987,-0.148308160682919,-0.145884415123702,-0.101579706884192,-0.0583272563792451
-3.05171635746956,6.45233682543039,-0.164454719027305,0.0413025862124893,-0.0730991883063321,-0.0508636354613919,0.121874747930363,-0.115732042861892,0.0771686277940411,-0.0161574004996048
-2.15966078732163,6.62150831986219,-0.110399713617483,0.00942415981407807,-0.031691761372744,-0.0924933156203216,0.130586383329083,-0.0942763195962227,-0.0182857945742283,-0.106134716004128
-2.63765241252258,5.00257379282266,-0.0362412845584856,0.0849753446723224,-0.0869976063840565,-0.0459654579312271,-0.0784000577593924,0.146663964907763,-0.0955815998106806,-0.102150315512833
-2.25942266359925,6.72158902604133,0.0245969646630632,0.140964903349665,-0.0188595126202677,0.0273869847262474,0.154773492944478,-0.189612688950442,-0.0771436958985125,0.0228418367323996
-2.716230945196,6.55839432217181,-0.0350275101227645,-0.0460494706359929,0.068278537485321,0.0982024793810571,0.0424772255444788,-0.14819718083987,0.0868138089755483,0.0137036061002228
-2.64408779982477,5.78919216571376,0.0441282027889872,-0.108305080759386,-0.0759593234750885,-0.128434065625563,-0.113903389731147,0.0166351629282318,0.0376018539448137,0.119260546967414
-3.46115197148174,6.88333854172379,0.0778630348009033,0.0582992046108695,0.00338047177101077,0.120447315595271,-0.0649128548130262,0.00794990530813663,-0.178787679571738,0.113074133982528
-2.37073441036046,5.62454861728475,0.00496753912844639,-0.0908529756840718,-0.0208403070614008,0.00383523003029446,-0.0279073344247472,-0.0421763834366249,0.0793415255995155,0.0239711248537654
-2.81890832446516,5.61516341008246,-0.000280688836833364,0.110899004889276,0.119969828875246,0.159678639251758,0.0162294442529007,0.0614789561924688,-0.00986089736839652,0.0197362672297426
-3.44235020875931,6.69281187420711,-0.0112257114619811,-0.00594978616357079,0.0128660923762696,0.0711616106595986,-0.141359245477618,0.118863830076131,0.0980786503951587,-0.132873290357511
-3.20672237267718,5.5366490278393,-0.0742405026254564,0.217864216821495,0.0575029805138664,0.0258641479064059,0.0973069069759494,-0.0934150350845492,0.022838950183232,-0.115610457076561
-3.40076062642038,5.79460018407553,0.0391112778093698,0.0161929701032585,0.130424998651208,0.0702222827674955,0.0782199766802577,-0.11050040202047,-0.0307929211088706,-0.111022764708434
-2.54016996361315,5.17655709665269,0.0858548414784264,-0.0289245431848796,0.187589962941644,-0.158731840567847,-0.0361615538319684,0.0587271028447298,0.0274906290392796,-0.145262405429611
-3.48900520429015,5.18809083942324,-0.126591223260634,-0.0483062651965436,0.0691017726777495,0.151677016229624,0.00635063203680196,-0.0501853965599602,-0.00220983358413257,0.214062952718179
-3.94972450425848,6.55815887125209,-0.159551259540381,-0.0910888869278036,0.00567738547792298,0.0148827037655269,0.0261284488637203,-0.0706085381623106,-0.00623711560463436,-0.00689350734968688
-2.56957225454971,6.93675308302045,0.0267785567390482,-0.043024965368052,-0.0398209183926405,-0.253421969879694,0.209197744600806,0.219645091342114,-0.0745841560866805,0.0571015923844558
-3.49299439927563,6.25819887081161,-0.0328405070048443,-0.0824142980547601,-0.0663306324949161,-0.0387031846723419,-0.0106355333335447,-0.0517537232751569,-0.0335904283631036,-0.0267554212869067
-2.82959773344919,6.32176650268957,-0.0888758691433811,-0.121239387652639,-0.0134178339325355,-0.0162629366791082,-0.0749969385010509,-0.111211857176784,-0.0849839419644587,-0.00441678485396505
-2.7765732142143,5.96478829020634,0.0733146454768008,-0.0796044755378213,-0.016373976172049,-0.196176685503003,0.153348284398386,-0.121112594988621,0.0227878267149992,-0.072585710374691
-3.56321595888585,6.52580486796796,-0.016605108960338,0.0652886446926703,0.12087573123072,-0.00620976994981102,-0.0752626428127933,-0.00379609607243523,-0.131117968095054,-0.0601496974267456
-2.78814672026783,5.52397030545399,-0.100199141091393,-0.220185916000446,0.142957669250111,0.115800028977831,0.0310817112917694,-0.0250228596761322,0.0176883517804348,0.0815545969485633
-3.06091904593632,5.84632662544027,0.0421416183814734,0.0855737264803761,0.16963623230858,0.268987622534402,0.134806595134976,0.0995117691330537,0.231310810398478,0.0948941964207431
-3.47789549641311,5.94476456381381,0.151957467706922,-0.053052820581948,-0.102714004738997,-0.11983117529576,-0.0359529518880986,-0.0249532097406711,0.0625165620313356,0.06591181021387
-3.25062363920733,6.47945487545803,-0.0500369159314823,0.0645785280683948,0.100927449406283,0.0525339253857081,0.0351509315999281,0.110615874536877,-0.13561186144323,-0.116136957938174
-4.14987006853335,-6.59101160254795,0.00485186113686244,-0.0454700589569771,-0.0332285021657492,0.0522580544953288,0.180481419963737,-0.0750912934855641,-0.141556523014892,-0.06434122991436
-4.93206560611725,-7.06149241316598,0.117102449340828,0.106916925800402,-0.0288163650760092,-0.174114514595128,-0.140725301762361,-0.112298831299131,-0.0679416892399454,0.00967532325660626
-5.91396318166517,-7.28446589328814,-0.0339490238794718,0.121691258416406,0.0252346209347435,-0.0471329188109578,0.0214524376544482,-0.0754801440150184,-0.0145032977275163,-0.0521768760149218
-4.01392511813901,-6.28915466554463,0.0477522949590415,0.0177971975598823,0.169805857254728,0.0219781840576262,0.0357558570809495,0.190360761549221,0.130410175246565,-0.201593243673888
-5.85077563044615,-6.52503734640777,0.0438946802052345,0.0315422735469988,0.0629261978251086,0.0078446960132325,0.0809825188206037,0.0397913494525873,-0.0312510203789611,-0.0563875512428085
-4.88930060318671,-7.6217350004008,0.00642583474194515,0.0117139105729262,-0.0785054956791827,0.0939514265974625,0.073080172592674,-0.136074904648913,-0.00445926051490878,0.107585521950937
-5.88699405547231,-6.49639735009987,-0.212922872140511,0.00319959884066066,-0.0945828270392589,0.016116063712658,0.00277923047486836,0.100157330386095,-0.070395391073221,-0.201517657166401
-5.79797861399129,-6.18389180116355,-0.0366856087625716,-0.122126821223976,-0.0140436680245889,-0.0692564493697596,0.0459717332786303,0.120201934578061,0.0181509128908157,-0.162462522214802
-4.45818730420433,-7.0805141616147,-0.118540486318026,0.0154477240410839,-0.0150159136003235,0.00824623027117667,0.0408362722113043,0.091391511056103,-0.0553166629087741,-0.151899546471924
-4.98438093275763,-7.66938844416291,0.0483659781525339,0.0736349825903161,-0.125352460210296,0.0244787957342183,-0.0588791847371929,-0.197661644081698,0.0375682186187253,0.0328671901594551
-5.06861951225437,-6.45086474902928,0.149700056829836,0.0707619843155465,-0.0209386434859311,0.0269127464168761,0.126175663463289,-0.0600490394945281,-0.0627635446861069,0.0406379300678932
-5.62263542599976,-6.11543870717287,-0.0443569745282485,-0.176672872079469,0.0568145183460501,-0.0299855305003207,0.181201042485034,0.0206370885332232,0.0805116569353801,-0.00830179830040608
-3.81523399986327,-6.08599680487532,-0.0594629518560789,0.102927935385982,0.0838052709034076,-0.104238973865049,-0.0912841616118012,0.0230177656264117,-0.0994748126857522,-0.0413686735296194
-5.98623977042735,-6.79512596933637,-0.142674211354817,0.0415721698337364,-0.0212892142570289,-0.109147246962651,-0.13120234183598,0.123629398125163,0.176537437030174,-0.127837816662181
-4.9266216326505,-7.38345679373015,-0.00204237989080209,0.121774156961811,-0.106300168211343,-0.00353203865111027,-0.00925288267267327,-0.0356806268148346,0.00174869397125021,-0.0580592949754084
-4.51930741779506,-6.73939618002623,-0.00727004215643394,0.18807163640394,-0.085582792054827,0.0285085203598619,-0.127027720014558,-0.138719043878849,0.00669916426343773,-0.00291734175321384
-4.29995239083655,-6.13537595269736,0.115983147027438,0.00585126682243826,-0.0102751674593222,0.0366200789324916,0.00259298283286792,0.0220354457600069,0.17402175849771,0.163224328188976
-5.36461108596996,-5.55683101131581,0.0855391347409124,0.139011088481498,0.112323382695656,0.0360478444698722,0.0450586202579724,-0.0529552744992432,0.0435635005611953,0.109921533230915
-3.8564558615908,-5.60556484572589,-0.136610327520094,-0.166233586705525,-0.00261572620436122,-0.225058842896258,0.0771265781156216,-0.0934166756644849,0.170711042737137,0.0374076538318601
-4.32491292874329,-6.98921700369101,0.0457544940762692,0.124604624038785,0.136281064432017,0.00855847912257855,-0.0183080784224211,0.184073160301519,-0.00475388223643562,0.177831765980386
-4.68557277764194,-6.43493553809822,0.151008696560267,-0.0912992131004775,-0.004861526253858,0.112456600307595,-0.0286226490627127,0.136633297395202,-0.0429679789618012,0.0386660114841066
-5.46423938241787,-5.93537042394746,0.109751115842927,0.0427431362011423,0.148094341850072,0.0284232939427513,-0.117803666305213,-0.111764303565046,0.00638275861355942,0.0198502123090983
-5.39694053702988,-6.20550210482907,0.0169432196307044,0.119520198873242,0.0519480164900052,-0.00053581933413045,-0.129885838549824,0.0340727580343072,0.025397841634916,-0.15117256886105
-4.28046774188988,-7.5427981991088,-0.259591442281099,-0.00938304454445756,0.100650686052477,-0.0118401786452736,-0.0143367140789505,-0.0652122949135528,0.152953549327528,-0.116256823776523
-3.87655319203623,-7.80182250670623,-0.0172145241311333,0.0714812893304442,-0.0180101842912199,0.0784084427152248,0.0319703542678327,-0.01989373629657,-0.0710833249317587,0.225885767979263
-5.20978589588776,-7.88140961853787,-0.0227253582244304,-0.161226058113285,-0.0177288381105126,0.00178015841914314,-0.199466733113755,0.0705807376023143,0.00972146776337516,-0.045090689417859
-5.58513293252327,-7.60063482983969,-0.0130485350623672,0.0178092241874389,0.0524394882900039,-0.111586101011459,-0.0932719023197424,-0.128535875592137,0.0475966113881951,-0.166666381903969
-5.33003895962611,-6.58722195436712,0.205521819175195,0.00182180607270549,-0.0158466834715533,0.0495475254490788,0.0288525173544269,-0.0374566059723743,-0.0675329724927882,0.0183478561138883
-3.21983285900205,-5.64836155227386,-0.0539186271804075,-0.00416242887206819,-0.0408280561585901,-0.0212454343219479,-0.0552468578446756,-0.0762911476407157,0.126300125271661,0.157333665998891
-3.6076334877871,-7.7235480271047,-0.00227951149943551,0.00969003813500473,0.250409449730454,-0.00756868928154619,0.0482269683705073,-0.124550213686372,-0.0335721085170525,-0.0222923386468323
-3.24817382823676,-6.54833847319242,0.125782626583967,0.122267992423295,-0.131272984569625,0.113151579755199,0.057011163709782,-0.00159226615789936,-0.170575944827701,-0.0013075792088221
-4.12952197808772,-7.07246048678644,0.0708589753992798,-0.162884211367795,-0.00800722453160395,0.00512764026425504,-0.11329209166404,0.015441256835331,0.0815515500783643,0.1690212005159
-4.1921938075684,-7.1271421109559,0.183449343017462,0.0972020769575447,-0.105525428461653,-0.0716787967043611,-0.000438001159258895,-0.0428822893489066,0.00986796505337931,-0.101057716764634
-5.12453721114434,-7.10260785778519,0.0558191445001591,0.0467488310850478,0.0661668029024962,0.0854648324483738,0.0124365834527341,0.00857904460337312,0.104787122928405,-0.0699436916705173
-3.2232663303148,-5.94721759681124,-0.0990079995354761,-0.0295295240975504,0.0894677113456594,-0.149880121982691,-0.0374546306377994,0.0839262004597608,0.00214712174337732,0.0134837794051486
-5.24101099348627,-6.95321573363617,0.110556355924545,-0.0976512018168113,0.0269768933820163,-0.0703104489612353,0.0615448409890135,0.0272806210886581,-0.139483586773217,0.0716657884362253
-5.64966169302352,-7.11982596095186,0.103292387196779,-0.169336359871753,0.0803272984917793,-0.0642207272758009,0.126159506505606,-0.20178368960618,0.0720767012514701,0.171457654309965
-3.14750207634643,-7.31192661519162,-0.0235530380559215,-0.0287323323644925,-0.242366208252883,0.0818280684584241,-0.0509825529442754,0.10087942329179,-0.067576565124614,-0.017077696988409
-4.85189099726267,-6.07091014576145,-0.00877877643219246,-0.0446432409189071,0.149941475501497,0.0310179008854993,0.0594681692116008,-0.00442992123535404,-0.0441365122403367,-0.0436254938205303
-3.16622731368989,-5.65985788893886,-0.0687354369273466,0.141068758160078,0.0114907843574266,-0.0851859104210282,0.0870039606723284,-0.0729659973179364,-0.0772916419520232,0.0833764183905097
-5.62131919618696,-7.70407876768149,0.106256620739191,0.041669127011361,0.0220339873934853,0.0889502116987465,-0.0492119218573157,0.0659674426217474,0.0300512964824988,0.0775292101863347
-3.79835305502638,-7.47016794874799,-0.00624989209291815,0.0124685714185905,0.0513552076204583,-0.143119991077397,0.00936381774404369,0.155480613864084,0.0962810538034986,0.00857806825801933
-5.87226940621622,-6.47778277064208,0.112193503793077,-0.142474741269688,0.15920495418535,-0.0408482407099985,-0.0510852006322335,-0.130783922942044,0.10689054800099,0.108845165131786
-5.94673294737004,-7.27592468680814,0.179937747462224,0.187694999822686,-0.0247666605941479,-0.154417540252335,0.00829616185876021,0.228034518021353,0.0959911262209734,0.099159356071054
-4.9325747739058,-7.09790309611708,0.0297214592287271,0.110331888967344,0.0105523294559754,-0.0492030733278436,0.0488037017822013,-0.0217886002497288,-0.198113832866722,-0.00445634049063851
-5.52389482688159,-6.30225894460455,0.0444737069944295,-0.0431154337199881,0.0498348266594497,0.085928807541133,-0.00466189941376814,0.138407606438207,-0.0730360754346616,-0.0882672589507405
-3.1026652911678,-5.90410986694042,-0.094293697160005,0.0805948133614666,-0.259020444775081,-0.127271470700952,-0.00888858945687755,0.026908257734772,-0.00633955349066427,0.0747546394944878
-4.423828644678,-7.92852273979224,-0.0325613384837872,-0.016960050323851,-0.25268864944471,0.0203173867810077,-0.0378615904092105,-0.0196898616512412,0.0736191305863172,-0.170288175197184
-3.94941328209825,-7.01338840543758,0.0702332408227288,-0.14586431272582,-0.0897401759464783,0.00632638625616997,0.135772564186367,-0.0659221292348695,-0.218284886135347,-0.00390014161462612
-3.93577860016376,-7.3103532033274,0.257957118512035,0.0713041327685189,0.100252752188914,-0.0107867635644369,0.0163477758768029,0.0288331691123851,-0.0881040635853563,0.00746224290447561
-4.33233992219903,-6.28900999971665,0.065533253373467,0.0719516222618065,0.100155599143723,-0.0867437850047821,-0.0739025192837636,0.0424607511201407,0.248483284598224,0.00376021401902503
-3.37007508846,-5.61140347574838,-0.056336251167531,0.00368011778984159,-0.0280004474602285,0.00627544290335633,0.0297624339338874,0.00395761805741425,-0.0443878703488027,-0.0645467487527263
-5.87348549254239,-6.05353776959237,-0.0655395904227797,0.129934316178234,-0.0113399500457435,-0.0637699753758056,-0.0166684226009246,0.0949836287891636,0.00506931043497782,-0.00498091364853222
-3.52251945482567,-6.63513937976677,0.0163519806803586,-0.22637878224132,-0.0725407888028035,0.0280759402013813,-0.0499123760103071,-0.000198483494062861,0.0933887589717358,-0.0457030251085162
-4.17320963577367,-5.93437977670692,0.0784545481371587,0.0799011597450709,-0.11215325474396,0.132022586830765,0.156527774830772,-0.128361826707967,-0.0566880603849593,-0.0308906863830203
-3.07520275516436,-5.85519216617104,0.0267902178394874,-0.0771679021333691,0.0204263189607483,0.223373607521053,-0.0440066470501957,0.109049413501621,0.0707771679253339,0.129099859163811
-5.74056260799989,-7.63469554437324,-0.0521878121683362,-0.00555658416777369,-0.0639620405370707,-0.036415370102112,0.0237119179734999,0.028761977324796,-0.192659943725225,0.0754292130850378
-4.36435764678754,-5.66331753926352,0.143965791012256,0.0518135758572151,-0.20583458259629,-0.0455127399850243,-0.0810345553957892,-0.0411208977358035,-0.00657831492256968,0.00949668003967555
-3.6052186943125,-5.8884564677719,0.0466242017489405,-0.0300872207465411,0.0547250735185828,0.260216458867852,0.0057995268705025,0.0100157863911419,-0.165359536531744,0.0409878602875267
-3.22215829370543,-7.32817094144411,0.00134544736737494,-0.0980305788515956,0.0700282950249802,-0.0368942597882044,-0.123652367648367,0.0161350190717371,-0.00531479855091546,-0.0775075415193044
-3.03905914351344,-7.73777619830798,-0.0387546038484905,-0.282865967628836,-0.00975122184076886,0.0276794005420693,0.170262586153639,-0.0318084160126613,-0.195191491938563,-0.00139363484362556
-4.45991486613639,-6.86217513878364,-0.0578600932125019,0.0385842241215488,-0.157202302190759,0.0844718883414495,-0.191882152900409,-0.0743593596579226,0.0643952244921686,-0.0241063089267166
-4.29484148486517,-7.12060971953906,-0.0477198879729739,0.0629699584390934,0.124272464868035,-0.183027656488348,-0.0562477115594725,0.0555325466532117,-0.0226128620111973,-0.0115768601597254
-4.23923395620659,-6.87772586080246,0.0803585087214968,-0.122823284414021,-0.095981067882246,-0.0314610866334133,-0.0555879061412912,-0.17205022621887,0.141119933178383,0.0904530231254692
-5.79980861674994,-6.54297361976933,-0.161530672202642,0.120768929239439,-0.00442174941761949,-0.0866620578376673,-0.0110000946253475,0.0489226473889271,-0.0122908789584333,0.0262190113961119
-4.04040730185807,-7.42704263608903,-0.0160414070628764,0.042433611914022,0.0206386672391358,-0.0405861721162842,-0.0350405948495439,0.0242722008603378,-0.0237671204053641,-0.251877227345652
-5.73284474853426,-6.87410427909344,-0.135292187194574,0.00319868847304956,0.0301576673366553,-0.0511899504218579,0.255895600904525,-0.215149980783646,-0.00296258039768605,-0.171905231602173
-4.15245963376947,-6.5175530880224,-0.154314787209778,0.0780916387371211,0.00383025251839422,-0.320727333138468,-0.10059724975166,0.0453305380046566,0.136143575577132,-0.042540857442947
-5.97548002400436,-5.53598494979087,0.0212578008940925,0.0425094858919501,0.167505083553,-0.0262270108642503,0.0250301814470043,-0.074524462097809,0.0499436294585588,0.0142263320654315
-3.62976894294843,-7.37774630903732,0.0581093998379173,0.110985213071446,-0.0186116290519109,-0.0549187533168074,-0.0493377876643078,0.103653261676802,-0.0937411851301617,-0.0557728979729513
-3.6412120226305,-6.66828529804479,0.0684135802719253,-0.113175374272884,-0.0932690681023564,-0.0610513250508858,0.236193080294364,-0.105899757056429,-0.302987836304562,0.00958722805332261
-4.51192120788619,-5.67759076145012,-0.114620107866297,-0.0443955567673968,0.0826219021468704,-0.0105253763379789,-0.0516801005151019,-0.0856340939507626,0.0787441965423876,-0.0980947013130084
-3.98568174359389,-5.54334712284617,0.125732404026972,-0.0393592306789504,-0.0695531300256318,0.0825744409168879,0.000313896583385281,0.0616170656622263,-0.0386282560488861,-0.0186568524839839
-3.17096182261594,-7.71503608860076,-0.0926961622391742,-0.00494275525858125,-0.0978239643663606,-0.0519150415484559,0.107201177011411,-0.113634411356228,-0.032983823456647,0.0886688793490592
-3.92157538631,-5.87621998693794,-0.0644092974516938,-0.107083877805628,-0.10691471064367,0.135102104944455,-0.0137699540371602,0.127929296938518,0.133879884876065,-0.0298423657185493
-4.92441598791629,-5.79591861821245,0.153995992593161,-0.0399378554112461,-0.239323623486109,-0.14433815760937,0.13361216867883,0.0790579416446228,0.0499166182670787,-0.013275367757015
-3.2299012450967,-6.94636306737084,0.114559174518993,0.119697528200014,-0.0384380361629644,0.121726927709948,0.0405429307622248,0.0777324448924189,0.0597455029544013,0.163340378743796
-4.2388392908033,-7.17350272648037,-0.0445621466135327,0.231819037239779,-0.0623062367374692,0.136780363284761,-0.103730831548369,-0.0946272586667518,0.199244344832946,-0.0330303432202883
-5.89959228853695,-7.62662753125187,0.0842455607346082,-0.047551477045627,0.0392427058661826,-0.197343282518465,0.0530642700848205,0.0458812185218457,-0.0429148197451101,-0.10138948012818
-4.17734967148863,-5.66677743464243,-0.00878485005498074,0.122083706028871,-0.221230422345569,0.130821583732751,0.049188047306555,-0.0421972177036816,0.178836787833622,-0.157204229021285
-3.26901346840896,-6.88291476177983,0.0733900761517457,-0.0170395652637447,-0.0755736534309871,0.0743692828270657,-0.0965044124067128,-0.107503041104039,-0.0279032025431064,0.0307469767139403
-5.81155714415945,-7.2472831113264,-0.0828459489564724,0.240245937765413,0.166430106262583,0.0155053574247219,0.0325269051056915,0.0579068823598194,-0.000929620626045094,0.162726614732093
-3.02209535473958,-7.299322119914,-0.026928130564666,-0.0206082318356907,-0.0785187738177516,0.0248226633308059,-0.0249202460204051,-0.04976480898428,-0.106613109650603,0.165437853862084
-4.4169689998962,-7.45692183333449,-0.0259832377105995,-0.0431258247690403,0.0367341140647118,0.0295298203561856,0.105450002710246,-0.0709232835041389,0.0268728756795578,0.106587561868137
-3.74766972404905,-7.54185008478817,0.0641970946878969,0.0557475072273787,-0.0432632954409107,-0.110526958102157,-0.0708288836344951,0.0543591079485109,0.0211180058609529,0.0512665642066158
-5.20957099716179,-6.49570181744639,0.0232728526293742,0.00991605345851043,-0.0769363840822552,-0.0795012266418468,0.0329030255798419,-0.0408598623789921,0.170836096921578,0.128570909055097
-5.92656703689136,-7.47168713726569,0.228103065595551,-0.0444001423384784,-0.0315653150121003,-0.0574979685335391,-0.255124973230237,-0.0330029087355271,0.0337922462374301,-0.0530784329177438
-4.08547914354131,-5.70549826382194,-0.0797562494494762,-0.095607045688428,-0.0102492336481969,0.167960447630103,-0.211905631039558,-0.0682796953600769,-0.00770604718635336,-0.00356071058629303
-4.40390083333477,-5.73320145264734,0.047801903398398,0.0217293826290614,-0.0496031248397581,0.0405586850493601,0.133292703707432,-0.0335826777291663,0.151436486575525,0.0819242609935318
-5.82196277752519,-7.60148808371741,0.0311292969190367,0.24382370803556,-0.0631276797112209,0.101115733341422,-0.064651359627104,-0.0344855093972959,0.114419137788214,-0.0641517728228163
-5.27856921125203,-5.87340148061048,0.116499674026536,0.0373932444267726,0.064330639669993,-0.073380531420966,0.00198620760598298,-0.0750018326423805,-0.0788238312040415,-0.0872281643604043
-5.51700921845622,-7.81365231738892,0.00337566278077201,0.0213343065962181,0.0602723906448058,-0.13334260154031,-0.0503996242470409,-0.0154407153505605,0.0950239957989825,-0.101045749986053
-3.82550840615295,-6.22096070623957,-0.0347468541991659,0.100424995070942,-0.00535188503824944,-0.0136739141630053,0.093586587912704,0.0699927284219807,0.16593159284774,0.160418816188517
-4.77829698985443,-5.97887512657326,0.0855490466636869,-0.108310882818786,0.0435630237205261,-0.00493848550382442,0.00255882692712124,0.137689977668001,-0.0412387273008025,0.0333303216092035
-3.63924020435661,-7.77006098604761,-0.0993255774998536,0.1290986631408,-0.0672938686404671,-0.0387661902621097,0.0282452203336557,-0.110718725709753,-0.0684572655302602,0.047485331551745
-3.90926431934349,-6.58431853121147,-0.0585432041678579,-0.031307288975796,-0.0966846988076724,-0.10586351598743,-0.0744793633343813,-0.053113273826759,-0.198501264978096,-0.130822238583158
-5.5460734446533,-7.93214396468829,-0.0432647005636946,-0.179125501626906,0.042470495749033,-0.153990226401967,0.100300863725759,0.158532304094548,-0.0368724250706852,-0.0442202498356084
-5.9217015656177,-7.36328135663644,-0.000876325347164829,0.00252475929660568,0.0345365937856009,0.249996824970072,0.145346543219368,-0.112293915838821,-0.000831814024442484,0.114826225348285
-4.98775327624753,-6.72736654768232,-0.132038735753129,-0.0845552850660688,-0.0946198805970135,0.0230562675323246,-0.0294565368720952,0.0302427648748883,0.0632158906905603,-0.0127386677946937
-3.20496758515947,-7.65039191767573,-0.0507173996850938,-0.0793503969063645,0.00300381528823325,0.0978770527923585,0.0481420513974583,0.0939598600579429,-0.0659108476815653,0.164060670365792
4.84136698022485,-2.45116676972248,0.10745118625106,-0.0267484117600192,0.0897006524027511,-0.0668314761261228,-0.124562257928789,0.000904453296485769,0.117495830806309,0.0582019043318959
6.57994349091314,-4.48281738185324,0.00381222375573783,-0.0667626954757894,-0.0294547429022839,-0.125717230872038,0.0531796812246927,-0.252965048821585,0.0470434159602253,-0.00746246750849092
5.23395898775198,-4.01445060106926,0.0455642714508238,-0.00456636135414813,-0.0305704331859745,0.108904158553857,-0.170586274675586,-0.0416934821513014,-0.0994913315512626,-0.000192509166460986
5.15706092771143,-3.64537787856534,-0.0355193102304451,0.203244986630815,-0.0277525450100593,0.0233057273735946,0.197107126601778,0.000762807460200356,0.0204621064480063,-0.0417272404112621
6.65387794259004,-4.73079533479177,-0.00170619632931831,-0.0398400515574233,0.183728449711615,-0.0171187383011593,0.0822048314804988,-0.21487345673274,0.0162761341333772,-0.02167342574856
6.69800492096692,-3.87373133678921,-0.006248335606521,-0.0645600682947094,-0.0134323404661755,0.158657550614219,-0.0492531086569918,-0.0615231439692609,-0.0490298559350541,-0.00251814929209604
4.2614201947581,-3.69467068952508,0.0630345435841537,-0.0296048795022578,0.138835100613598,-0.112150251598658,0.136559194804082,-0.041528144191129,0.0739153959635631,-0.0602041182018224
4.53845916572027,-3.84688129229471,0.0352576785917205,-0.0181126951486402,0.174869965352263,0.0492847238797391,0.040876132554667,0.146247382541472,0.0280906271443775,0.0228171476738748
5.47597964899615,-3.79518938576803,0.0383684887544221,0.0562381813085033,0.0318562005743826,-0.067858362961631,0.0645448989762334,0.0761241764560084,0.0342323063484523,-0.0980865896398486
4.29879858298227,-2.47595571959391,-0.0968365100540637,0.113335945924406,-0.0139226901672523,-0.0636628899936334,0.0250743426452263,0.0770517329502592,0.186939060628395,0.0313631083627601
6.43990862648934,-2.76150436815806,-0.0979239772939211,-0.0120334423595008,-0.0799604740658844,-0.0811854208415462,-0.000779602881981035,-0.0259038877022256,-0.0143655363398838,-0.012196414486832
5.83753411239013,-4.42306603724137,0.0623601272028294,-0.0095642517258045,-0.00774465982484768,0.0131977866502454,0.00471456355925484,0.0183736239870003,0.142916581390253,-0.0492266150129716
5.46666203485802,-2.7793915856164,-0.0392134724854011,-0.00133125551836053,-0.0050363921174715,-0.097542844755306,-0.0249610526772521,0.0874885601789359,-0.290077077897341,-0.0956915833312512
5.33840168174356,-4.05695883347653,0.0276005172536213,-0.229242977072606,-0.135049766705765,-0.0657706515100232,0.0437048178254306,-0.0073687139274134,-0.107177607235132,-0.205092147952496
4.56882651732303,-4.40861887298524,-0.268753225107958,0.0226180327568318,0.0728244919293551,-0.164095905242127,0.0760648413117405,-0.115719515391959,-0.0717783800367698,-0.147845896364959
6.63717959891073,-4.44805430667475,-0.0627613210047948,-0.11910478756966,-0.0283703848084247,0.0027226413580779,0.0109382827437458,0.109882047674439,0.0110671768332926,0.0568932239752077
6.33388028526679,-4.29706919542514,-0.0722355578666014,0.0936330094284878,0.00391715761028482,-0.019915351842084,-0.08106538615037,0.154971792261298,-0.0999937685684972,-0.0137316428324078
6.95619682362303,-4.3378015588969,0.113454592007456,0.167838215043543,-0.183557568188198,-0.0423148012428596,0.100699479908494,0.0970305581416697,-0.0495962030012741,0.0986355597856571
4.49241679883562,-3.66465782606974,0.0157423338141595,-0.101643865762606,0.1250638357111,-0.178843748200408,-0.194476778712608,-0.145468148087016,0.118269975910353,0.111947350077749
5.38692520931363,-2.06973078125156,0.041277649207215,0.0737510321859467,-0.038180389442463,0.0449005094684069,0.0901202765129166,-0.0752940657215235,-0.19581474342659,-0.00594762532409374
6.10614922246896,-3.90565595380031,0.156149632870732,0.136131559628241,0.108863791396406,-0.098054745615727,-0.0523163818672932,-0.0646730215350524,-0.0298093312128585,-0.103787738040054
4.69394499156624,-3.92255692789331,0.075296242283006,-0.0630587661182521,0.116499627229953,0.0387549232745372,-0.118527475605553,0.0395407753778994,0.00805355883145019,-0.0591788708603277
6.47524487017654,-3.02504065958783,0.0726515555955765,-0.0622733620704213,-0.037231803443904,0.00428711205110819,-0.148881271690559,0.105191012426929,0.00940054408441193,0.00993466905049678
5.94821387343109,-3.06263839942403,0.109078334052629,-0.00839124242996169,-0.00452236955859875,0.143698630852868,-0.0841312982656529,-0.071868888076221,-0.0497350323293127,0.0891194291969659
5.90619816305116,-4.11866857134737,0.0282744253776871,0.037508729561099,-0.0521676325523601,0.0494180650234309,0.0912074489116673,0.00237338909234328,0.183757921639526,-0.0112234008366319
5.62486591562629,-4.34901032177731,0.0598519693914174,0.0291131374346534,-0.0235208679155059,-0.0145651800978053,-0.078941786317979,0.0816812608820358,0.0591051505748811,0.0215637353387107
4.69480636762455,-4.96177344210446,0.0651614228672857,0.130876543945801,0.0138204136436223,-0.0151564245648557,-0.096057237483133,0.0286533243232762,0.030183491570105,0.0851954424695113
4.7823019255884,-4.48829430458136,0.18025405325673,0.141033948522119,0.00145538223474982,0.0726918690439621,-0.109417645435138,-0.0175456797133987,-0.0311262862829609,-0.095531360914095
6.28385599539615,-2.28144626505673,-0.0398795463451665,-0.0437023502111908,-0.0589187242999027,0.0229472534208761,-0.0979700678746626,0.0815395225239855,-0.14005885186882,-0.0183373462461638
5.40054623223841,-3.95844471058808,0.00494661968533125,-0.131094163363432,0.0820511054645963,0.034570359719429,0.0879194667501017,-0.154223347362887,0.0884059942272169,0.0751641315847858
5.12037453893572,-3.00966462120414,0.113782817286475,-0.246737898106384,0.0176654187073787,-0.0194483750615109,0.202237785796839,0.0755466941058053,-0.201813863853623,-0.0398738264872572
5.15451374067925,-2.36600658111274,-0.00891756676957273,0.121264095493602,-0.0177960756912539,0.013481566798985,-0.189014735885981,-0.118236274915842,-0.0253793972125463,-0.0745714206365026
5.0775544969365,-4.31334057752974,0.0331696954725573,-0.0702985633953069,-0.140402735827751,-0.0166087978569414,0.0850008384781235,-0.21409720934091,-0.121838701569989,-0.0369508937770511
6.56257959618233,-2.82230388722383,0.0274426187025311,0.197890660561677,0.190665422807057,0.00325721555343949,0.120841178791043,-0.0744527740171801,0.13936323414802,0.00291207087235026
5.68494928628206,-3.20788662461564,0.266860150418259,-0.208949563528258,0.0659099416525901,-0.0267772482177429,0.0309513236266407,0.140364605634039,-0.0697225016814343,0.0344003948051999
5.69814143585973,-4.81854753266089,-0.0218121029286941,0.11443138103845,0.0181554174270086,-0.121451651441243,0.0186940219494332,0.103187748003445,0.0275423277894521,-0.0764380063668769
4.24638082948513,-4.11078236275353,-0.140987452491282,-0.00111447038281458,0.0146660774873922,0.0221573168225152,-0.0392394105507027,0.0511140277661696,0.0237136932829014,0.1599287829891
6.7283546468243,-3.78590907738544,0.00856896336759693,0.23768361491406,-0.082089297368036,0.119928078354954,0.0475379329760317,0.00527092936218987,-0.100592130152446,-0.0688847498918097
6.74546192050912,-4.74655569531024,0.0161789546048751,0.0900621192100964,0.103199745650225,-0.093341175353183,-0.0922132941620378,-0.00360085385481889,0.194767485508383,0.0556466698040564
6.72940793214366,-3.22610793844797,-0.0284246497895695,0.0359182214531216,-0.0117165352208824,-0.0160401705624888,0.0156874879996807,-0.0897545451153393,-0.00468511975434615,-0.00183135500849053
4.5804349607788,-3.97815343923867,-0.040861753103635,-0.0430441776798013,0.0969607122713278,0.098122797472631,-0.0417190693828604,-0.131365099095959,-0.164373063349966,0.144512720224722
5.02254901593551,-3.87489204108715,0.195770255117733,-0.131195942066252,0.0756997247245525,0.00947965709197442,-0.152444758971326,0.183402056405875,0.0404739910106653,-0.100708374768872
4.28911373880692,-2.42550639738329,0.216322066676738,0.0360833484655742,-0.0376914066342059,0.0248228408225991,0.0438988333389121,-0.0726593590298471,0.00178958620200907,0.0380244094315265
6.69594019348733,-3.01562310592271,0.0948175561891709,0.00788899219870186,-0.0690575466232881,0.213653998571302,0.179035780183809,0.148726640809875,0.0449748038351786,0.120680634481603
6.44255216419697,-2.51760620321147,0.156319379888989,0.0858166392122241,0.00872707808459103,0.148727650384088,-0.146289672193387,0.0354489176836772,-0.0517208173846791,-0.0939821991778539
4.29230148624629,-2.73580261436291,-0.130149488663919,-0.107406897278056,0.000845303383092189,0.181588960696536,0.0398952268529371,0.246470152145218,-0.0997886168557507,0.0545699114204397
4.56798294652253,-4.2366918050684,0.107593782164646,0.0549678871817434,-0.109132868630127,-0.0323265035983009,0.072130747295395,-0.13554965737255,-0.0926697342777931,0.0691997993490344
6.17094947979786,-2.06561192939989,0.032849227325954,0.0350064832075966,-0.0259164833253856,0.125656330615319,0.176811195865255,0.0428675321256594,-0.0594705076830511,-0.10117921107849
5.01543517736718,-2.96480441628955,0.0969268362137493,-0.0568741551209063,0.0557418578692428,0.0742977232337768,0.143250278444339,0.193078874222336,0.0062765775398221,0.0430910745536527
6.10496255452745,-4.31457665190101,-0.046496298812771,0.0184204849712392,0.0452747559032375,-0.0490432380875788,0.0295898234625152,0.0318065699439146,0.10240408927966,-0.0350508870653995
5.45138729456812,-4.39315344998613,-0.135851791157317,-0.151829271092581,0.0356066342569593,0.0790616910334393,0.178253262132999,0.150083173282161,0.0467439498503919,0.0751007882441166
6.70328578609042,-3.70645995787345,0.0194306390533676,0.00626508602600846,-0.063121979263531,0.0262432726931776,-0.127365074495713,-0.00292025326763805,0.0657097338459264,-0.0372307914194751
5.67126324563287,-4.85345032438636,0.017059813438013,-0.285947934400042,-0.0791865342036221,0.0520994736324881,-0.0683314980426473,-0.0337553055509606,-0.022517731527335,-0.255159126230461
5.22081488743424,-4.03128728666343,-0.0957669095468145,0.0895196138200486,0.0533017505922128,-0.149371037329034,-0.0651785119438978,-0.183319585809171,-0.279590659796419,-0.00489733114827385
5.61651954683475,-3.78793034120463,-0.065754750592276,-0.0911951220920524,-0.00601425068482203,0.0243607949493003,-0.0474986721948503,0.133968191858491,-0.0365175329259182,-0.127358017572695
6.42250695941038,-2.83399519207887,-0.028390046048423,0.0563545750149088,0.0843204315227511,0.0364049323870928,0.000264931032561069,-0.0643720475210441,-0.00558266181320478,-0.011125631765426
5.69827179331332,-4.30633482499979,-0.27574209222214,0.0657532930730043,0.0116438908642641,-0.0692126611962783,0.0188638303775085,-0.179932440587678,-0.0780456873121104,0.0565598404530295
4.97724688146263,-2.80220713093877,0.0123421100769321,0.0426274781037877,-0.0395828995299617,-0.0587182835593353,-0.0449786303963007,-0.0478053064917343,0.0130019236997611,-0.135778017609008
6.79020939022303,-3.15996261895634,-0.135335138340282,0.113066815046037,-0.118498692042826,0.0844632547514636,0.119117108027977,0.1431034545196,-0.191707078820621,0.00504226636328176
6.36761059472337,-2.41818309575319,-0.031784405414471,-0.112859904490276,0.0863058549387385,0.0137222972383457,-0.0481269836581417,-0.0294027473509378,0.11268016847254,-0.0460999290413144
4.18315339297988,-4.98239003145136,0.0804388246047808,-0.12091736183519,-0.00985244317373152,0.0879399323391736,-0.0679919680228639,0.0339822561514569,-0.127975675524566,0.0881156329267555
4.9717319663614,-3.15853018593043,0.0332770558111293,-0.204941253422851,-0.205184426958441,0.0727738202497985,0.100902072171599,-0.140125521213783,-0.121390225196903,-0.0365087287179691
6.74440344399773,-2.86399618117139,-0.0609081190275524,-0.0757803754854178,-0.0219954707296844,-0.0379230169491761,0.00554782048614772,-0.0912312307318108,0.0110189304103822,-0.0725293438739987
6.27621355769225,-3.21567238587886,-0.15429887984045,-0.135759057631537,-0.0732000483226776,0.00673038156537517,0.121014572868273,0.00138059082257507,0.135768177051152,0.0575762210106221
5.13840553956106,-3.93379245069809,-0.0302969114766584,0.00513135906330915,0.0412154809164444,0.0946983300796126,0.00114231024516865,0.0595457409908833,0.0234216752248884,-0.0250691242592757
6.44011275377125,-3.59155740449205,-0.0579157713901157,0.127783242589796,0.0143880523261405,0.257704350166624,0.090335242101655,-0.05793603558249,-0.0405157021029965,-0.0259352187753755
5.28790820087306,-3.79188377270475,-0.176237164927621,-0.0526373820315159,-0.184343401938623,-0.127053102361224,0.0455307189643889,0.0923305536738126,-0.0798821676777913,-0.135970795228403
4.0600114078261,-4.52384490217082,0.131127226904283,0.0788616231772264,0.0853696893949666,0.0767720166440583,-0.0182983779208044,0.257514296782914,-0.00219975204631148,-0.0742571236676676
6.39936512545683,-4.57208015583456,0.0119676827585698,-0.117456162537137,0.0695361931408433,-0.00936714136976964,0.0475659566970052,0.0372550770787362,-0.0716371997954773,0.0666266384254625
4.19766539963894,-3.50902175460942,-0.0886638670614243,-0.0209487507053543,-0.0342701925910596,0.101715573393759,-0.00533643652472425,0.0826789666721251,-0.0171300503786468,-0.00016890641897171
4.72228492004797,-3.27530425135046,-0.0988129358740588,-0.0649192679939589,-0.0181186675190245,-0.0448370912042219,0.00915905891946268,0.0456235750199578,0.0906770512296541,-0.206515375853636
6.46383758750744,-2.63044855394401,-0.104321638442036,-0.032790809862503,-0.105538633591331,-0.123280599530814,0.0322627694044295,0.0684506424173261,-0.038979783667739,-0.0812308295619435
5.05553006357513,-4.27420370234177,0.190138955101886,0.145736294280381,0.0620648451660267,-0.0198113614369009,-0.0862175767449345,0.0143369319536174,0.150392934425985,0.0752503805918631
6.60754011431709,-2.07061727019027,-0.0506212301868898,0.119040391108753,0.0135549428137239,-0.0336830940105186,0.0484689910218978,-0.0160109979617586,0.120499689462335,-0.0458050122837253
4.80996582983062,-3.56563918245956,0.0485057623231236,0.000677715005018587,0.0711658518727282,-0.0733084696732255,-0.0287736724450113,-0.0816560501605548,0.0293374053917293,0.0154791240507653
4.58893960784189,-4.78821886773221,-0.084423592355979,-0.0145609188533785,0.128125771274088,-0.054829353682903,-0.0834924689683801,0.151661610683126,0.00718188738836562,-0.197782888045867
4.59498272673227,-3.49434611783363,0.0378396991656212,-0.102898359848057,0.121897805133619,-0.0315401555514272,-0.126581925508911,-0.0361341904862982,0.276013400022362,0.0929342393199505
5.27475722250529,-4.69598525948823,-0.0933576517269168,-0.103162525113878,-0.0519455887510033,-0.0694970507970453,-0.0215965400302877,-0.218211509754477,-0.0574290589068435,0.0113213188995767
6.77993772202171,-2.9111461697612,0.10807906414485,-0.0741899626540667,0.111712454679701,-0.013781958497407,0.0805615889851852,0.192774149259872,-0.126138861697696,0.128058494580087
6.45796257606708,-3.7439587591216,0.0519370512549993,0.0652161740431845,-0.170537582546879,-0.0748786593927502,-0.00425245846404202,0.0226548821771817,-0.0618516802390857,0.0714393490095609
4.44720412651077,-3.77528944215737,0.152135692134186,-0.0233020996003701,-0.0999000368188829,-0.125147384685488,0.277231440732322,0.086452428093408,0.0406522636076173,-0.0929204130075979
5.23300670296885,-3.2287937104702,0.0745883699292272,-0.020453650035662,0.0148432548436562,0.0445862658734148,0.0757356683912998,0.0431830207082801,-0.154739690921154,-0.113979328172859
5.52950972085819,-4.07840068894438,-0.062033395533129,-0.203682525533837,0.0107971995916773,0.0267065386213055,-0.232516463819453,0.0805630152402377,0.0988877493852534,-0.126539303678794
5.31387846544385,-2.10954414238222,0.0207411027439893,0.150767977954834,0.0439874091595661,0.086840906099041,0.0197593762956634,0.167679629565259,0.183922657692287,-0.0201003290408175
6.4171340581961,-2.52766627655365,0.0749259967908073,-0.175142956225498,0.00690342368102875,-0.0188612425412604,-0.107484570669942,0.0597288328930612,0.0611111515924073,-0.0838716489809266
5.94864054792561,-3.00217374158092,-0.120680719972114,-0.0190929149843313,-0.0619868599755187,0.191919276152614,-0.16658708137943,-0.0316777939413139,0.0382908180246892,-0.100374460225517
6.28184924484231,-2.5791736820247,-0.20096532110413,-0.0418717229101849,0.0917589262865263,-0.0280978254388982,-0.0399934401258701,-0.134882087084278,0.0340331879841952,-0.0850591569573627
5.02958329906687,-4.30243875435554,0.0761856323834538,-0.0322321859369995,-0.102826841376698,0.105407142570515,-0.0274480003913049,0.088178221247825,-0.0982083316596916,0.0235039556329343
4.78660932695493,-4.84055887069553,0.0944450560957432,0.0486405868262479,-0.0535689272184848,0.0152575861853124,0.0861921443893205,-0.0324408474245337,-0.0962992607313285,-0.138788651991383
4.22592977923341,-2.53902866574936,0.161118940804751,-0.147455249743757,-0.12043130516774,-0.0898932255552625,-0.0640232680813025,0.00219453183885238,0.150019372953382,-0.144942397624628
6.4547784132883,-3.98262764676474,-0.137817707841088,0.0303353792083835,0.0428170707928761,-0.0529124117841996,-0.0422862154324719,0.126788322600208,0.0779508035065125,-0.0775533608049807
5.67204858874902,-3.13229121500626,0.0700327768580763,0.118779838093232,-0.261278228478765,0.0523808095724493,-0.0112368893910229,0.0470063085579445,-0.027253381429504,0.10313292112498
4.84011013689451,-3.15098324185237,0.0101508777158785,-0.0769623425048324,0.1812210768784,-0.222052655187116,0.0435244197417662,-0.0120488695866007,-0.0458576140760098,0.138674170421819
5.02313689747825,-3.72617872385308,0.0333196645857046,0.0641911445748463,-0.208922962682631,-0.115175283517104,-0.098461924073783,0.00758111094879381,0.0184472952543398,0.0357333337031718
5.59695368283428,-4.07588024297729,-0.0567499582200215,-0.00358569041901058,0.106508309211572,0.214963669564116,-0.12208993569857,0.0894566736673568,-0.0997969987484594,-0.10239399210764
4.02841479424387,-2.97024182672612,-0.0620913467473443,0.036822169573881,0.161856123285064,0.109761783305255,-0.0689814770037196,-0.0228286500118588,-0.067214308877483,-0.0192985985151968
5.44778048200533,-3.29940720740706,0.0502091964076935,0.00486956404484966,-0.0800127351154101,0.136927021247013,-0.150860834972298,0.153990074963731,0.268197818615567,0.122134646453031
5.35994865605608,-2.34790036687627,-0.0302163200338476,-0.0869769540267458,-0.094551058212181,-0.010851822158021,-0.0837861662503888,0.159111338480183,0.0695753450216742,-0.102340542052593
5.8254705965519,-4.79348755325191,0.0522636065173788,0.0222053450604472,-0.155145761933776,0.184719550249694,0.0215589097095834,-0.0492741194135478,-0.0893230679910006,-0.129891798757261
6.43532995111309,-2.02671291446313,0.100689316115113,0.0385430668337463,-0.0141106987453261,-0.00604967086257594,0.107450568657096,0.109474192194819,-0.0301576338211347,0.00748339607003901
8.1748517039232,5.12456939881668,-0.089384992385663,0.0501912424164871,0.00197961755160311,-0.178097504182983,0.000709427437947763,-0.190337774468105,-0.135645742461829,0.0857681233727616
8.49952179263346,5.44502133014612,0.0533011323729019,0.00450499916922898,0.0846025550726036,0.136535243434247,-0.00829302599956637,0.043568927765022,-0.121865909492422,0.158939633589001
8.09369772928767,5.42106323991902,0.0574774040958858,0.0594402271997585,-0.0302617904706908,0.0609744333171517,-0.0579978531932499,-0.106027025321605,0.0799329591309147,-0.113403419854952
8.17000050493516,7.12534381146543,-0.0674532540638605,0.133709325344501,-0.0739416630002312,0.0624494736820296,0.0725388412779512,0.0303084478311568,-0.104859271716321,0.115529258355984
8.19946810021065,6.0673648128286,0.136604809492963,0.0614968745201226,0.0302240687414282,-0.0152527912824314,0.203504713764087,0.00282842248645501,-0.0643141130994739,0.0338834419894721
8.61166566237807,6.5683162373025,0.0615452979395993,0.0896214608728664,0.0918466062787614,-0.0189818298071993,0.0656357028348971,0.0179301178227088,-0.153033250775983,0.00763284251693424
8.42848322587088,7.76598706748337,-0.0917974015647173,-0.0727864206973614,-0.0825665973274499,0.051611638050072,0.067070648919414,-0.0870955257704527,-0.0275345130790307,-0.0867282906474628
8.75165825802833,6.46865513478406,-0.0249187577887318,-0.0389196955902697,-0.0311595101497192,-0.10148230377362,0.129174241148854,0.146669543225147,0.0902065351506318,0.113162417715478
8.07030581473373,5.50519383046776,-0.162366453883778,0.0740305377897198,-0.0892682974659031,-0.105926313699957,-0.0933355833228304,0.0206002317737066,-0.0410525003849085,-0.00580793080196932
8.82908037956804,7.28549269679934,-0.000719411970270693,-0.0438740351267758,-0.0884486704039831,-0.0683296952160166,-0.0469640904338339,0.0779703373780883,-0.121426752647331,-0.059454833180275
8.6167114356067,7.01505700242706,0.0920119500984869,-0.06750162973962,0.0262124571946122,0.0413539632723214,-0.136005725652629,-0.0157148518548263,-0.156830947157914,-0.112494020208769
8.71102579915896,7.78615725063719,0.0291529128793237,0.0789916029378731,-0.0820365055255144,0.0983029242915297,0.0740707539691206,-0.0617600896380665,0.0222163499498067,-0.0188766345769097
8.68566735368222,7.46382225351408,-0.0844702989450094,-0.213283216587556,0.102620357228238,0.0711799666510068,0.281801036938142,0.120395196211744,-0.0601951598655309,0.077446263076011
8.90435466286726,6.28836235404015,0.107019750619616,0.00348759197227838,-0.0449366885212022,-0.0451755248280762,0.174458974327271,0.00807560721274284,-0.0110217964711382,0.0925247242170237
8.52729284693487,6.79428113251925,0.0435190582354496,0.0251325451518293,0.169691716310635,0.0449354280866332,-0.0732185107924553,-0.0286208070732436,0.177816230581658,-0.150073149622413
8.03143239766359,5.95279863011092,-0.0383539035938685,0.00559424637170144,0.195730775962816,-0.0493886702012763,0.00360359987977575,0.0453840755853444,-0.141077249861804,-0.0119148579758979
8.61364508536644,6.19447401142679,-0.00492339128121642,-0.0275310246030468,0.0281993485081869,0.116220381937298,0.00618080148724936,0.0151273410542413,-0.0108459883020357,-0.00741385012490566
8.03918348974548,7.90392230008729,0.241308914047097,0.136749111014513,0.0277784419607344,0.101755837746572,-0.0380515095717178,0.0989555323450247,0.166937034077087,0.0244203933364058
8.90570830600336,7.96787973749451,-0.20241568122535,-0.256572028632776,0.00575781325656102,0.187437413049746,-0.140223821366447,0.171920361326724,0.155815256506505,0.0189720529315563
8.03002518229187,7.6086742982734,-0.133289900224575,0.126547489152653,0.105503531831994,-0.067297862172377,-0.0620514667606883,0.00312446635860858,-0.0143879547266045,-0.161385676704628
8.38377821748145,6.5747950929217,0.0869796636930957,-0.182881767253851,-0.00341955820150593,-0.120571058316476,-0.209380381911636,0.112987833690043,-0.0915982794531606,-0.119368922461641
8.37913359259255,6.5298473816365,-0.130663737101203,0.144535822277663,0.0340615097848385,-0.0372272532530357,-0.0393555623065327,-0.0876671144300706,0.050264721052638,0.0657149219220352
8.47425482538529,6.77416060236283,0.0232607654284446,-0.0236562774380173,0.00665144499341643,0.132763976775952,-0.0293093960902318,0.054149723949201,-0.136766834006122,0.020668826419558
8.41231514117681,6.82221197942272,0.146938515881458,-0.0324084571907659,0.135425394906708,0.0928613957709158,-0.0413554715559815,-0.0315697194656738,-0.151449681609823,0.12750434035453
8.78120881109498,7.8063303262461,-0.0668417466580107,0.0130102034032586,-0.0258256502273653,0.0582410540270321,0.190825625905164,-0.0932989481460479,-0.0822599727279643,0.0211842143498216
8.15278622112237,5.05288357008249,0.00303667204369695,-0.0807191702393616,-0.0314672165552273,-0.000450504520398734,-0.157002174657524,0.0335471758297408,-0.0835249923414899,0.107162196144325
8.14015780482441,5.92694077943452,0.015681456666037,-0.119474016473367,0.0310982470948589,-0.123167448516234,0.128414150033974,0.109161362475841,-0.00632103439863592,0.000661229349330383
8.15708628250286,6.98026673565619,0.146564866553177,-0.0669548400181926,-0.0475644642697317,0.232443832330405,0.0857831479435313,-0.0875859191230903,-0.0599142961310879,-0.11393802406137
8.72312466613948,6.50508990511298,-0.0602258221446175,-0.215864962767939,-0.0198287406254411,-0.0168125581494565,0.013605920555515,-0.093825550265852,0.103413873763809,0.0749569934666227
8.05222709523514,6.95810822187923,-0.187313533733879,-0.116463182362389,-0.163587678433746,0.105123272035187,-0.207560754590919,0.120363568380536,-0.0935058754766625,0.174015810064097
8.62807629979216,6.92118666972965,-0.0114990119035703,-0.157796214414635,-0.0181034014930603,-0.10269420924087,-0.0109190154423808,-0.0280619481666029,-0.0238679234415498,-0.0897733893490797
8.97956504346803,7.6840890974272,-0.143677222293143,0.19417210088634,-0.03613289144557,-0.0168767795184243,-0.00723850529459686,-0.078138552932656,0.0253853872797207,-0.0154316053124205
8.01084205228835,7.94411850953475,-0.183140045646879,0.0434998648121541,0.00354371746585382,-0.153384570730553,0.14601502160282,0.0579242643660701,0.0423452107186192,-0.131341371276139
8.99730063602328,5.14072074647993,0.031109288028605,0.0503534429024901,0.155336994580713,0.142840298300552,0.0501076214156883,0.0164930627288115,-0.0843351605620435,-0.123155548347486
8.34350033686496,5.23868147656322,0.00552503234013202,-0.00243888274879679,-0.120073367367271,-0.00444605252759483,0.0211784844424696,-0.116704373570943,0.000907913754471182,-0.0816087146310311
8.09992957231589,5.26278449199162,-0.0251057729184854,0.130937316397922,0.0683198252830668,0.0735563394881793,-0.0331039712087897,-0.0702594359878743,0.0196665438341027,0.131067699602014
8.86989680305123,7.66507879924029,-0.0994524991485153,-0.231503378958856,-0.06952991132922,-0.0811521187615959,0.160824845326655,0.00539425955992478,0.0105314905039316,0.125123393848798
8.80058695632033,7.12401706725359,0.136553615303136,-0.172753847705288,0.0438254702476468,-0.107078179000358,0.0272485746219874,0.0498337323078191,0.0312320539287335,0.107823234862639
8.8561300530564,7.29436563840136,0.240403572683744,0.0111487478960696,-0.187761428925956,0.00367767451660037,-0.0909682594930493,-0.0045601834754286,0.0969361387735079,-0.00172733878478395
8.34122086362913,7.09764496725984,-0.0227836666520162,0.125931448856709,0.131822201381501,-0.100342306521173,-0.173810499763913,-0.134970549227816,0.0440832740606469,0.0812120754545993
8.12376015260816,6.26028960151598,0.203704664865458,-0.0516457859732428,-0.0922245159635335,-0.194628141152151,0.156418053006615,0.0469877757793653,-0.130303641504061,-0.141239642067718
8.22902692644857,7.64463208522648,-0.097566950053911,-0.0576496377745479,-0.180677921140814,0.113565229426657,-0.128344133900855,0.328445468288863,0.194700017319912,-0.0447130342352026
8.16987204621546,6.61396656441502,0.110636569447986,-0.0699193511935507,0.188992036499113,0.0334081942368771,0.0566599992864151,0.0623128445462048,0.0104067208679421,-0.00320397157024978
8.3886404489167,7.65388284809887,-0.127943771096181,0.0202272225114449,0.0183302226572216,0.197598620514461,0.0124951552793803,-0.0501510978437956,0.0314000850281541,0.0987013261968098
8.26032074051909,5.06313530122861,0.192195886808759,-0.183183896541795,-0.0743903635625757,0.04742455868257,-0.117398672021419,-0.0415222234871765,0.259062091177411,-0.0887726904846637
8.84425186202861,5.17140263947658,0.0456569456945735,0.161083850594573,-0.0282829731917156,0.0819528079558881,0.0502745408566807,-0.0974658787669573,-0.13491963643204,-0.136069404386278
8.44840524671599,5.11365587171167,0.235118066169349,0.00506789149301465,0.0391017036729901,0.0696535275542067,0.0407490121489759,0.0909328297059296,-0.158750372917648,-0.115048144596221
8.9179117679596,5.22885031439364,0.115407101013639,-0.178261417702116,-0.0847961941397595,-0.0846389873370893,-0.0896401461189629,0.0926705794688195,-0.0706449278480674,-0.101091081030249
8.6163197257556,6.57896418590099,0.114580672212379,0.0053860610825501,0.132407308658705,-0.082858271304096,-0.123605713750499,0.108603256897347,0.257962978392115,0.00564971923648088
8.57751736813225,6.03858964703977,0.151882303775241,0.0805063809500401,-0.108589903505419,0.197980167454539,-0.0992853354768255,0.0689533115549018,0.0934650917373898,0.135959804586383
8.79528568056412,5.33136951038614,-0.0414684624114285,-0.0353057419338262,0.130161540000412,-0.0878138237714847,0.0394248692512046,-0.0695477474016699,0.113812783583018,-0.0427827289715124
8.08009194768965,6.49340109946206,0.0229444791006415,-0.0386082390139334,-0.055840132554489,-0.136265713340741,-0.0939339703845996,-0.0379813713044938,-0.0115341587683368,0.0152661588644598
8.12531278445385,7.82830816600472,-0.0875276198278929,-0.00792927893128441,0.063309989278252,0.0972437899896452,-0.0931343358884615,0.173887431302402,0.019550048667032,-0.146736141665607
8.34783063130453,7.11869490589015,0.202165496802969,0.014609820313586,-0.0606798117261688,-0.0957430106634072,0.0663968298069707,-0.00601651352699601,-0.168979040423247,-0.0652584778144551
8.94358200044371,6.25686448137276,0.0511420053731308,0.00238878128861819,0.0224254375894388,0.0825204614836747,0.146984071687274,-0.0541466936425582,0.0275640209777022,0.00601888375816079
8.79044166463427,5.13339050603099,-0.162643541175936,0.0924321972117214,0.0119827535716692,-0.0300934304683887,0.0383221819742481,0.13964149937872,0.155086268375127,-0.151190450725632
8.44715754850768,6.98094769683667,0.118674690748426,0.0454399959265941,0.00466242482275115,-0.0290238734170566,-0.189258975671641,-0.0923663561790777,-0.119444578865577,-0.162215429766206
8.45736338174902,7.29446371924132,-0.0450662348541683,0.125789936801021,0.0582063515279954,0.209310514204514,0.135095545370373,-0.0553703066619838,-0.156067095748333,-0.121876104317159
8.45267739566043,6.08327270671725,-0.062791734611007,0.00454365741197113,-0.0327689548167397,-0.00548823023488158,-0.0592435109992065,-0.0323731371325221,-0.0104754850777098,-0.173690977650417
8.79468682990409,7.03716377890669,-0.000940415835188457,0.113561897820686,0.058880792347759,-0.0726598024943275,0.0252402898275136,-0.0931290131149664,0.168480202258241,0.108003130944841
8.54753134213388,7.82821703306399,0.0603273971984131,0.00978893596864108,-0.014167849733584,0.0449961210092804,0.190108977653865,0.107984210770494,-0.109356629194451,0.0266793075582848
8.92872385121882,5.16439753724262,-0.02098321587597,-0.0913939561417597,0.174489694363859,0.0405254993581201,-0.0454323713338329,-0.0218906274230226,-0.0334760961187364,-0.0401003668607539
8.5767139820382,5.41166273504496,-0.069635186017835,0.0645886079345368,0.0673192401953542,-0.0687393017969019,-0.0834247506149731,-0.0627913796864633,0.0191333502655258,-0.133385151540538
8.62226991681382,6.57538678823039,-0.170268185693414,0.021351860786817,-0.0941999318783539,-0.143689319785592,-0.122681014943134,0.13766110099358,0.0704027156778489,0.192174037983094
8.92914765863679,5.66537014697678,-0.0427577187566393,0.0152742265323687,0.0582634614413288,0.137047214671994,-0.154251554660806,-0.110850173839404,-0.100020285839043,0.00722366391403042
8.12801462924108,6.64265627251007,0.0529971337293778,-0.215379454174153,-0.0578509364935248,0.0221489323966995,0.0996503203953376,-0.0728432800943016,-0.136647674226343,-0.0519274189409651
8.01537094847299,5.02198154875077,-0.0594075065056779,0.14395118581093,0.0877074688289564,-0.00843322293623686,0.0698943452345973,0.182408572958773,0.0523961924098126,-0.0512701414196906
8.01115165511146,7.50278197927401,0.0456239755643008,0.127649128309387,0.0207876394453526,-0.0443615031757265,-0.0644009769879698,-0.0357777611524318,0.112335269107741,0.046091945575689
8.98954736697488,5.75632010027766,-0.0530843387851464,-0.189332338994146,0.0123125636910056,0.00779407743715976,-0.0770974159267243,0.0328359915604815,0.00229744322130123,-0.168398446918676
8.79159922688268,6.55134742637165,-0.110224416704743,-0.208246007919996,-0.0466994510316012,0.0254618529885641,0.0384555470378524,-0.177180615222978,0.0568331971189135,-0.0469596037922473
8.83758640661836,5.57008455228061,0.0370729816864749,-0.0237135069333322,-0.0682785893476325,0.00983410454659976,-0.0497442229519149,-0.0654464851929257,0.191880801962238,0.179599011969252
8.40575438621454,6.85031906142831,-0.0371432222787716,0.00200289026079899,-0.0558832828819042,-0.0961313778636806,-0.0115908919793389,0.129538846365006,-0.120081907310518,0.118292664327849
8.93457692954689,6.20447565661743,-0.0732129785529084,-0.124243903461218,-0.0643083825597689,0.0407589438148969,0.143830582652794,-0.135568232982314,0.120086585880019,0.169509979398534
8.89383102860302,6.43505840701982,-0.251645424960153,0.0352143031083908,-0.0760898768446332,-0.0742594774038019,-0.20746543481972,-0.108613742404508,-0.0547880876883985,-0.197378010348785
8.48224983690307,5.54064676421695,0.0722448506399002,0.150098704537443,0.103972660011276,0.181000756306645,-0.0840587457758246,0.0547390591567624,-0.0404763024777966,0.127396021669439
8.28242782782763,6.29287205403671,0.0603064868199662,0.0269478683390644,-0.038926934887846,0.0240737480561732,0.150470274035452,-0.0260606304717845,-0.0242598526547912,0.167848768446673
8.12435650709085,6.59668891667388,0.0127443977118686,-0.109797608304427,0.146581139657554,-0.0190472390325302,-0.0530321467079884,0.0705436702783576,0.125003197649626,0.0598197287431596
8.26965955831111,6.785109216813,0.219448805658247,0.200003012958521,-0.00784640552153552,-0.0750747754513459,0.0875360385859519,0.00373635505582334,0.0877347529032801,0.0316370961106716
8.98910886375234,6.40091510582715,-0.0542544752001907,0.0665035391081826,-0.0123165823084745,-0.0897041919224078,0.0570424486409817,0.160660021155605,-0.0784791870951205,0.158565908731767
8.05303529696539,5.82633131486364,0.113502373004291,0.0339187493748852,-0.0219643832103521,0.085422147199321,-0.0179558358470346,0.0772452784061458,-0.172863189968123,0.146801917286271
8.70494319312275,6.02664135443047,-0.112181746012006,0.152236384086691,-0.061963894466699,0.0530246472558285,-0.0107479010137318,-0.0549308728457908,-0.0488932558494158,-0.0110870240953831
8.84811580576934,7.17815298307687,0.056600651887508,-0.0145472929458653,-0.0259110777117961,0.0499391949613102,-0.0800845897522027,0.0617477719588221,0.0586779852360541,-0.0543259717448348
8.44181960215792,7.27317866473459,-0.000853330240945352,-0.201247060127341,-0.0111592661471306,0.0320326946512812,0.0746245061976391,0.0109935143502756,-0.178669743854174,-0.127827780091895
8.33009601314552,5.92960738693364,-0.328109892761823,0.00518265758266335,-0.118617024858961,0.132507586864427,-0.0735031842850509,0.0178026741892967,0.137247936412625,0.105603267726703
8.16373598249629,7.04508802178316,-0.17137441158262,-0.00419333374871425,-0.0128262982909165,-0.115918941787061,0.0944813983451377,-0.084203528787662,0.206137609789245,-0.150637789146287
8.98992709489539,7.81761788320728,-0.0095868731414494,-0.120806557556136,0.142704195095344,0.0332810256080039,-0.103662182931712,-0.204165220178228,0.0329917992280442,-0.0345287797592866
8.03353737830184,7.51081700855866,-0.0138878830664521,0.215012119118065,0.00874724804945874,-0.0756905164003277,-0.037339229271507,-0.104062057492692,-0.0879500186081045,-0.148498852535732
8.30761136347428,5.0474343621172,0.0920377511689398,0.00207711860248677,-0.00861719397889494,-0.12169420191448,0.169946908428764,-0.340435897822311,0.119801955880379,-0.0244937508205764
8.96926059061661,5.22248067567125,0.0767509218401458,-0.0428725964945049,-0.180297740073967,0.195666300977724,-0.0797994659792898,0.123132643348348,-0.0723223597577654,0.0619564313788584
8.29154151724652,7.61377362394705,0.0503182139067895,0.0494090157052694,0.123727851345317,-0.0951179949505961,0.171404157269534,-0.0179394149134903,-0.0970774468410369,0.0366775636993708
8.06641689105891,6.51975202257745,0.0139147437487194,-0.125174424836283,-0.0272740050380458,0.0228904207257015,0.0454897610375016,0.0269971415023132,0.0834883318291267,-0.020613260462021
8.45536188106053,7.52334678871557,-0.0733161413240714,0.0212526463626769,0.00229088450187739,-0.11707638037898,-0.0370550937018592,-0.139773243019844,-0.00360053558875587,-0.0541685455577519
8.98978399019688,6.27259822515771,-0.0592844608891679,0.168444810711273,0.0122326543160489,0.0189351333134725,-0.0515022780615466,-0.113423789849528,-0.0314051875022187,-0.0120835962489093
8.65649520372972,5.71294921357185,0.084420797866985,0.0262109781657374,0.1578268797197,0.0549313254026208,0.0450648347025741,0.093654490614205,0.0784726546532162,0.0420763044711703
8.10450683254749,7.18337781936862,0.138101518725534,0.0476465231653918,0.0672374337408157,-0.00527412786710746,0.0123956657822267,0.0912204660820328,-0.0363290519831888,0.0186679324242455
8.88561194040813,6.23870258615352,-0.0298743158233644,-0.0461335358765037,-0.0842671683811748,-0.113003457230448,0.102875258619178,0.0936585526758426,0.0819417808517663,-0.145500254792615
8.17399285361171,7.5998838855885,0.0146443541567547,0.0216857686215391,0.087325051498907,0.084168817150238,0.0503239043645416,-0.0512418273983124,0.108903546590736,-0.0951129149473473
8.85086315637454,6.83552346634679,0.268258714323343,-0.0743122680538627,0.236443625665923,0.0369834307904645,-0.0837012756874288,0.0732720332276755,-0.0678220375519448,0.105563847992636
8.29917317233048,6.46516554662958,-0.104926277106329,-0.0208767570725039,-0.142707056047758,0.068568672956156,-0.0248185201896741,-0.0409163468798003,0.0317200171926513,0.0566494921717825
8.58408468123525,7.15095296828076,0.0942272199723434,-0.0998762745907312,-0.142690677747118,-0.0626440174769582,-0.0221292143894631,0.320521308176099,0.0824417747433653,-0.0212451108517978
